priority,reasons,mv_id,title,archive,country,url,languages,language_note,themes,decade_start,decade_end,access_notes,verification_status,verification_note,last_logged_check,reviewer,review_date,url_ok,title_ok,archive_ok,country_pin_ok,languages_ok,themes_ok,period_ok,summary_ok,access_notes_from_source,result,reviewer_notes
1,failed last link check,MV-000002,Veterans History Project,"Library of Congress, American Folklife Center",United States,https://www.loc.gov/vets/,English,,war and conflict; military history,2000,,Many interviews viewable online via the Library of Congress; the full collection is available by research visit.,partially_verified,,,,,,,,,,,,,,,
1,failed last link check; no access_notes,MV-000005,Ralph Rinzler Folklife Archives and Collections,Smithsonian Center for Folklife and Cultural Heritage,United States,https://folklife.si.edu/archives,English; Multiple languages,multiple,folklife; music; oral tradition,1967,,,partially_verified,,,,,,,,,,,,,,,
1,failed last link check; no access_notes,MV-000007,Museu da Pessoa (Museum of the Person),Museu da Pessoa,Brazil,https://museudapessoa.org/,Portuguese,,everyday life; migration; labor history,1991,,,partially_verified,,,,,,,,,,,,,,,
1,failed last link check; no access_notes,MV-000011,Tobar an Dualchais / Kist o Riches,"School of Scottish Studies Archives, University of Edinburgh",United Kingdom,https://www.tobarandualchais.co.uk/,Scottish Gaelic; Scots; English,,oral tradition; folklore; music,1930,,,partially_verified,,,,,,,,,,,,,,,
1,failed last link check; no access_notes,MV-000018,AIATSIS Collection,Australian Institute of Aboriginal and Torres Strait Islander Studies,Australia,https://aiatsis.gov.au/collection,English; Aboriginal and Torres Strait Islander languages,,indigenous history; oral tradition; language documentation,1964,,,partially_verified,,,,,,,,,,,,,,,
1,failed last link check; no access_notes,MV-000030,J.H. Kwabena Nketia Archives,"Institute of African Studies, University of Ghana",Ghana,https://ias.ug.edu.gh/content/jh-kwabena-nketia-archives,Twi; Ga; Ewe; English; Multiple languages,multiple Ghanaian languages,oral tradition; music; ethnomusicology,1952,,,partially_verified,,,,,,,,,,,,,,,
1,failed last link check,MV-000031,Sahel Sounds Field Recordings Archive,Sahel Sounds,Niger,https://blog.sahelsounds.com/,Hausa; Zarma; Tamasheq; French; Arabic,,oral tradition; music; griot heritage,2009,,Freely accessible online via blog and Bandcamp releases.,partially_verified,,,,,,,,,,,,,,,
1,failed last link check; no access_notes,MV-000034,Oral History Collections,Kenya National Archives and Documentation Service,Kenya,https://www.archives.go.ke/homepage,Swahili; English; Multiple languages,multiple Kenyan languages,oral tradition; colonial history; national memory,1965,,,partially_verified,,,,,,,,,,,,,,,
1,failed last link check; no access_notes,MV-000037,Institut Royal de la Culture Amazighe,Institut Royal de la Culture Amazighe (IRCAM),Morocco,https://www.ircam.ma/,Tamazight; Arabic; French,,oral tradition; language documentation; history,2001,,,partially_verified,,,,,,,,,,,,,,,
1,failed last link check; no access_notes,MV-000043,Narrating Palestine: The Palestinian Oral History Archive Project,Institute for Palestine Studies,Lebanon,https://www.palestine-studies.org/en/node/227700,Arabic; English,,Nakba; displacement; oral tradition,2011,,,partially_verified,,,,,,,,,,,,,,,
1,failed last link check; no access_notes,MV-000046,Iranian Oral History Project,Harvard University Center for Middle Eastern Studies,Iran,https://cmes.fas.harvard.edu/projects/iohp,Persian; English,,political history; history; memory and reconciliation,1981,,,partially_verified,,,,,,,,,,,,,,,
1,failed last link check,MV-000047,Oral Archives of Immigration History (Odysseo),Genériques / Les Amis de Génériques,France,https://www.lesamisdegeneriques.org/,French; Arabic; Multiple languages,multiple immigrant languages,migration; displacement; labor history,1987,,Digitized sources freely searchable online via the Odysseo portal.,partially_verified,,,,,,,,,,,,,,,
1,failed last link check,MV-000057,Holocaust by Bullets Testimony Archive,Yahad-In Unum,France,https://www.yahadinunum.org/,French; Ukrainian; Russian; Polish; Multiple languages,multiple languages,Holocaust; genocide; war and conflict,2004,,Archive being transferred to Yad Vashem for public research access.,partially_verified,,,,,,,,,,,,,,,
1,failed last link check; no access_notes,MV-000058,Berliner Phonogramm-Archiv,"Ethnologisches Museum, Staatliche Museen zu Berlin",Germany,https://www.smb.museum/en/museums-institutions/ethnologisches-museum/collection-research/research/sound-recordings-made-by-the-prussian-phonographic-commission/,Multiple languages,multiple world languages,oral tradition; ethnomusicology; music,1893,1954,,partially_verified,,,,,,,,,,,,,,,
1,failed last link check,MV-000063,Ahotsak.eus Basque Oral Archive,Badihardugu Association,Spain,https://ahotsak.eus/english/,Basque; Spanish; French,,oral tradition; language documentation; social history,2003,,"Freely accessible online, catalogued by topic and town.",partially_verified,,,,,,,,,,,,,,,
1,failed last link check; no access_notes,MV-000065,Phonogrammarchiv,Austrian Academy of Sciences,Austria,https://www.oeaw.ac.at/en/phonogrammarchiv/phonogrammarchiv/history-of-the-pha,Multiple languages,multiple world languages,oral tradition; ethnomusicology; language documentation,1899,,,partially_verified,,,,,,,,,,,,,,,
1,failed last link check; no access_notes,MV-000066,The Sami Archives,National Archival Services of Norway,Norway,https://www.arkivverket.no/om-oss/samisk-arkiv,Northern Sámi; Norwegian,,indigenous history; oral tradition; language documentation,1988,,,partially_verified,,,,,,,,,,,,,,,
1,failed last link check; no access_notes,MV-000069,Oral History Division,Nehru Memorial Museum and Library,India,https://nehruportal.nic.in/oral-history,Hindi; English,,political history; history; national memory,1966,,,partially_verified,,,,,,,,,,,,,,,
1,failed last link check; no access_notes,MV-000077,Oral History Project,"The Vietnam Center and Sam Johnson Vietnam Archive, Texas Tech University",United States,https://www.vietnam.ttu.edu/oralhistory/,English; Vietnamese,,war and conflict; military history; migration,1999,,,partially_verified,,,,,,,,,,,,,,,
1,failed last link check; no access_notes,MV-000083,Film and Audio Archive,Vanuatu Cultural Centre,Vanuatu,https://vanuatuculturalcentre.gov.vu/,Bislama; English; French; Multiple languages,multiple ni-Vanuatu languages,oral tradition; folklife; indigenous history,1955,,,partially_verified,,,,,,,,,,,,,,,
1,failed last link check; no access_notes,MV-000084,iTaukei Institute of Language and Culture,iTaukei Affairs Board,Fiji,https://www.itaukeiaffairs.gov.fj/index.php/divisions/tilc,Fijian; English,,oral tradition; language documentation; indigenous history,1974,,,partially_verified,,,,,,,,,,,,,,,
1,failed last link check; no access_notes,MV-000096,The HistoryMakers Digital Archive,The HistoryMakers,United States,https://www.thehistorymakers.org/,English,,civil rights; everyday life; community memory,1999,,,partially_verified,,,,,,,,,,,,,,,
1,failed last link check,MV-000104,Archive Center,"National Museum of the American Indian, Smithsonian Institution",United States,https://americanindian.si.edu/explore/collections/archive,English; Indigenous languages of the Americas,multiple Indigenous languages of the Americas,indigenous history; oral tradition; community memory,1989,,"By appointment only, onsite research visits.",partially_verified,,,,,,,,,,,,,,,
1,failed last link check,MV-000107,South Asian American Digital Archive (SAADA),South Asian American Digital Archive,United States,https://www.saada.org/browse/type/oral-history,English; Multiple languages,multiple South Asian languages,migration; everyday life; community memory,2008,,Freely accessible online.,partially_verified,,,,,,,,,,,,,,,
1,failed last link check,MV-000119,Voices of the Holocaust,Illinois Institute of Technology,United States,https://voices.library.iit.edu/,Yiddish; German; Polish; Multiple languages,multiple languages,Holocaust; genocide; displacement,1946,1946,"Freely accessible online, fully transcribed and translated.",partially_verified,,,,,,,,,,,,,,,
1,failed last link check; no access_notes,MV-000123,Gallaudet University Archives,Gallaudet University,United States,https://gallaudet.edu/archives/,American Sign Language; English,,Deaf history; language documentation; community memory,1864,,,partially_verified,,,,,,,,,,,,,,,
1,failed last link check; no access_notes,MV-000126,Khmer Legacies,Khmer Legacies,Cambodia,https://apa.nyu.edu/survey/2015/01/khmer-legacies-records/,Khmer; English,,genocide; migration; displacement,2007,2011,,partially_verified,,,,,,,,,,,,,,,
1,failed last link check; no access_notes,MV-000130,Chega! CAVR Truth Commission Testimonies,"Comissão de Acolhimento, Verdade e Reconciliação (CAVR)",Timor-Leste,https://chegareport.org/,Tetum; Portuguese; Indonesian,,war and conflict; human rights; memory and reconciliation,2002,2005,,partially_verified,,,,,,,,,,,,,,,
1,failed last link check; no access_notes,MV-000138,HART: Hoover Afghanistan Oral History Project,"Hoover Institution Library & Archives, Stanford University",Afghanistan,https://digitalcollections2.hoover.org/collection/3249451/hart-hoover-afghanistan-oral-history-project,Dari; Pashto,,war and conflict; displacement; migration; refugees,2022,,,partially_verified,,,,,,,,,,,,,,,
1,failed last link check; no access_notes,MV-000140,Darah Oral History Center,King Abdulaziz Foundation for Research and Archives (Darah),Saudi Arabia,https://www.darah.org.sa/,Arabic,,oral tradition; history; family history,1995,,,partially_verified,,,,,,,,,,,,,,,
1,failed last link check,MV-000142,Oral History and Documentation Project (OHDP),American University of Kuwait Library,Kuwait,https://oralhistory.auk.edu.kw,Arabic; English,,oral tradition; community memory; everyday life,2020,,Selected life-history interviews are published and browsable via the project's own online platform.,partially_verified,,,,,,,,,,,,,,,
1,failed last link check; flagged: Source URL returned 404 in the 2026-09-21 link check; no replacement page found yet.,MV-000145,Oral History Collection,Botswana National Archives and Records Services (BNARS),Botswana,https://www.gov.bw/culture/national-archives-research-enquiry,Setswana; English,,oral tradition; community memory; history,1982,,In-person research-room access at the National Archives in Gaborone; researchers submit an enquiry form in advance.,partially_verified,Source URL returned 404 in the 2026-09-21 link check; no replacement page found yet.,2026-09-27 link (search-based): URL returned 404 in the link check but is still indexed by search engines; no replacement page from BNARS found. Needs a manual check.,,,,,,,,,,,,,
1,failed last link check,MV-000150,Madagascar Sound Collection,"Phonogrammarchiv, Austrian Academy of Sciences",Madagascar,https://www.oeaw.ac.at/en/phonogrammarchiv/home,Malagasy,,oral tradition; folklore; music,1961,1992,A digital copy of the collection was repatriated to the University of Antananarivo in 2012; the original recordings remain held by the Phonogrammarchiv in Vienna.,partially_verified,,,,,,,,,,,,,,,
1,failed last link check; no access_notes,MV-000155,Oral Tradition Archive of the Centre for Asia Minor Studies,Centre for Asia Minor Studies (Κέντρο Μικρασιατικών Σπουδών),Greece,https://www.kms.org.gr/en/archives/oral-tradition-archive/,Greek,,displacement; migration; refugees; oral tradition,1930,1970,,partially_verified,,,,,,,,,,,,,,,
1,failed last link check; no access_notes,MV-000157,Constantin Brăiloiu Institute of Ethnography and Folklore Archive,"Institutul de Etnografie și Folclor „Constantin Brăiloiu”, Romanian Academy",Romania,https://academiaromana.ro/ief/,Romanian,,ethnomusicology; folklore; oral tradition; music,1928,,,partially_verified,,,,,,,,,,,,,,,
1,failed last link check; no access_notes,MV-000170,Fonoteca Nacional de México,Fonoteca Nacional de México,Mexico,https://www.fonotecanacional.gob.mx/,Spanish; Indigenous languages of the Americas,Indigenous languages of Mexico,oral tradition; ethnomusicology; linguistics; folklife,1900,,,partially_verified,,,,,,,,,,,,,,,
1,failed last link check; no access_notes,MV-000171,Fonoteca Henrietta Yurchenco,Instituto Nacional de los Pueblos Indígenas (INPI),Mexico,https://www.inpi.gob.mx/acervos/fonoteca.html,Indigenous languages of the Americas; Spanish,Indigenous languages of Mexico,oral tradition; indigenous history; ethnomusicology; linguistics,1960,1997,,partially_verified,,,,,,,,,,,,,,,
1,failed last link check; no access_notes,MV-000174,Fonoteca del Museo Nacional de la Música,Museo Nacional de la Música de Cuba,Cuba,https://www.ministeriodecultura.gob.cu/es/ministerio-2/directorio-de-entidades/instituciones-nacionales/museo-nacional-de-la-musica,Spanish,,music; ethnomusicology; folklife; history,1971,,,partially_verified,,,,,,,,,,,,,,,
1,failed last link check; http:// URL; no access_notes,MV-000177,El Archivo Oral — Fondo Oral Sonoro,"Carrera de Literatura, Universidad Mayor de San Andrés (UMSA)",Bolivia,http://www.literatura.edu.bo/archivo_oral/index.php/archivo/sobre-el-archivo,Aymara; Quechua; Spanish,"Also Mosetén, Guarayo, Tacana, Tsimán and Chiquitano, among others (per the archive's own description).",oral tradition; community memory; folklore; linguistics,1980,,,partially_verified,,2026-09-27 languages (search-based): The archive's own pages name further recording languages beyond Aymara and Quechua.,,,,,,,,,,,,,
1,failed last link check; http:// URL; no access_notes,MV-000178,Testimonios Audiovisuales de las Culturas Vivas de América Latina y el Caribe del Siglo XX,Fundación Centro de la Diversidad Cultural,Venezuela,http://www.diversidadcultural.gob.ve/,Spanish; Indigenous languages of the Americas,,ethnomusicology; oral tradition; folklife; religion,1948,1986,,partially_verified,,2026-09-27 https (search-based): Only http:// pages are indexed. Left unchanged.,,,,,,,,,,,,,
1,failed last link check,MV-000181,Vietnamese Institute for Musicology Data Bank,Vietnamese Institute for Musicology (Viện Âm nhạc Việt Nam),Vietnam,https://www.vienamnhac.vn/data-bank.html,Vietnamese; Multiple languages,multiple Vietnamese ethnic minority languages,ethnomusicology; folklife; oral tradition,1976,,Catalog entries and some audio browsable on the institute's website; full recordings typically require contacting the institute directly.,partially_verified,,,,,,,,,,,,,,,
1,failed last link check,MV-000182,Anthropological Archives Database,Princess Maha Chakri Sirindhorn Anthropology Centre (SAC),Thailand,https://db.sac.or.th/anthroarchives/en/about-us.php,Thai; Multiple languages,multiple Thai regional and ethnic languages,folklore; linguistics; oral tradition,1991,,Database searchable online in Thai and English; some holdings require an in-person research visit to Bangkok.,partially_verified,,,,,,,,,,,,,,,
1,failed last link check,MV-000185,National Archives of Malaysia Oral History Programme,National Archives of Malaysia (Arkib Negara Malaysia),Malaysia,https://www.arkib.gov.my/en/,Malay,,oral tradition; history; community memory,1963,,Registration required for full access; short audio excerpts viewable online via the Archives' Online Finding Aid at ofa.arkib.gov.my.,partially_verified,,,,,,,,,,,,,,,
1,failed last link check,MV-000189,Alele Museum Audio-Visual Collection,"Alele Museum, Public Library and National Archives",Marshall Islands,https://www.alele.org/,Marshallese,,folklife; oral tradition; community memory,1980,1999,Located in Majuro; the archive functions as the country's designated national archives.,partially_verified,,,,,,,,,,,,,,,
1,failed last link check,MV-000190,Madan Puraskar Pustakalaya Audio-Visual Collection,Madan Puraskar Pustakalaya,Nepal,https://madanpuraskar.org/collection-development-2/,Nepali,,oral tradition; linguistics; folklife,1955,,"Materials are held at the library's premises in Patan, Lalitpur; researchers should contact the library directly for access.",partially_verified,,,,,,,,,,,,,,,
1,failed last link check; flagged: Source URL returned 404 in the 2026-09-21 link check; site restructured. Scope (manuscripts vs. recordings) needs curator review.; http:// URL,MV-000191,Folklore Collection,National Library of Sri Lanka,Sri Lanka,http://www.natlib.lk/index.php/folklore-collection,Sinhala; Tamil,,folklore; oral tradition,1990,,Located in Colombo; materials accessible on-site as part of the library's reference collection.,partially_verified,Source URL returned 404 in the 2026-09-21 link check; site restructured. Scope (manuscripts vs. recordings) needs curator review.,"2026-09-27 link (search-based): URL returns 404; natlib.lk has been restructured (e.g. /collections/ich.php, /collections/special_collection.php). Search snippets describe the folklore collection as manuscripts; whether it holds recordings (in scope) or the Intangible Cultural Heritage collection is the better target needs a curator's decision.",,,,,,,,,,,,,
1,failed last link check; flagged: Languages inferred from country and subject; not stated by the source.; no access_notes,MV-000192,Activist Women's Voices,Activist Women's Voices,United States,https://gc.cuny.edu/Page-Elements/Academics-Research-Centers-Initiatives/Centers-and-Institutes/Center-for-the-Study-of-Women-and-Society/Research-Projects,English,,women's history; community memory; oral tradition,1995,,,partially_verified,Languages inferred from country and subject; not stated by the source.,,,,,,,,,,,,,,
1,flagged: Languages inferred from country and subject; not stated by the source.; no access_notes,MV-000193,A People's Archive of Police Violence in Cleveland,A People's Archive of Police Violence in Cleveland,United States,https://www.archivingpoliceviolence.org,English,,community memory; human rights; history,2015,,,partially_verified,Languages inferred from country and subject; not stated by the source.,,,,,,,,,,,,,,
1,failed last link check; flagged: Languages inferred from country and subject; not stated by the source.; no access_notes,MV-000194,Archives of American Art,Archives of American Art,United States,https://www.aaa.si.edu/,English,,history,1954,,,partially_verified,Languages inferred from country and subject; not stated by the source.,,,,,,,,,,,,,,
1,flagged: Languages inferred from country and subject; not stated by the source.; no access_notes,MV-000195,Association for Diplomatic Studies and Training,Association for Diplomatic Studies and Training,United States,https://adst.org,English,,history; political history,1986,,,partially_verified,Languages inferred from country and subject; not stated by the source.,,,,,,,,,,,,,,
1,flagged: Languages inferred from country and subject; not stated by the source.; no access_notes,MV-000196,Freedom Collection,Freedom Collection,United States,https://www.bushcenter.org/freedom-collection,English; Arabic; Czech; Spanish,,human rights; political history,2012,,,partially_verified,Languages inferred from country and subject; not stated by the source.,2026-09-27 languages (search-based): No source states the interview languages; the four listed remain inferred.,,,,,,,,,,,,,
1,flagged: Languages inferred from country and subject; not stated by the source.; no access_notes,MV-000197,German Broadcasting Archive (Deutsches Rundfunkarchiv; DRA),German Broadcasting Archive,Germany,https://www.dra.de/,German,,broadcast history,1952,,,partially_verified,Languages inferred from country and subject; not stated by the source.,"2026-09-27 languages (search-based): Holdings are German broadcasting (Weimar, Nazi-era, GDR radio and television); German is consistent with the holder's description but not stated as such.",,,,,,,,,,,,,
1,flagged: Languages inferred from country and subject; not stated by the source.; no access_notes,MV-000198,J. S. Battye Library of West Australian History,J S Battye Library,Australia,https://slwa.wa.gov.au/dead_reckoning/battye_library,English,,history,1956,,,partially_verified,Languages inferred from country and subject; not stated by the source.,2026-09-27 https (search-based): Same page indexed under https.,,,,,,,,,,,,,
1,flagged: Languages inferred from country and subject; not stated by the source.; no access_notes,MV-000199,Moise A. Khayrallah Center for Lebanese Diaspora Studies,Moise A. Khayrallah Center for Lebanese Diaspora Studies,United States,https://lebanesestudies.ncsu.edu/,English; Arabic,,migration; community memory; history,2010,,,partially_verified,Languages inferred from country and subject; not stated by the source.,2026-09-27 https (search-based): Site indexed under https.,,,,,,,,,,,,,
1,failed last link check; flagged: Languages inferred from country and subject; not stated by the source.; no access_notes,MV-000200,National Archives of the Cook Islands,National Archives of the Cook Islands,Cook Islands,https://www.culture.gov.ck/category/national-archives/,Cook Islands Māori; English,,oral tradition; indigenous history,1974,,,partially_verified,Languages inferred from country and subject; not stated by the source.,2026-09-27 languages (search-based): No source states the languages of the oral-tradition holdings. Left inferred.,,,,,,,,,,,,,
1,failed last link check; flagged: Languages inferred from country and subject; not stated by the source.; no access_notes,MV-000201,National Smokejumper Association,National Smokejumper Association,United States,https://smokejumpers.com/,English,,history; labor history,1993,,,partially_verified,Languages inferred from country and subject; not stated by the source.,2026-09-27 languages (search-based): No source states the interview languages; English remains inferred.,,,,,,,,,,,,,
1,flagged: Languages inferred from country and subject; not stated by the source.; no access_notes,MV-000203,Preserve the Baltimore Uprising,Preserve the Baltimore Uprising,United States,https://baltimoreuprising2015.org/,English,,community memory; history; human rights; political history,2015,,,partially_verified,Languages inferred from country and subject; not stated by the source.,,,,,,,,,,,,,,
1,flagged: Languages inferred from country and subject; not stated by the source.; no access_notes,MV-000204,The Interviews: An Oral History of Television,The Interviews: An Oral History of Television,United States,https://interviews.televisionacademy.com/,English,,broadcast history,1997,,,partially_verified,Languages inferred from country and subject; not stated by the source.,,,,,,,,,,,,,,
1,flagged: Languages inferred from country and subject; not stated by the source.; no access_notes,MV-000205,The Outwords Archive,The OUTWORDS Archive,United States,https://www.theoutwordsarchive.org/,English,,community memory; human rights,2016,,,partially_verified,Languages inferred from country and subject; not stated by the source.,,,,,,,,,,,,,,
1,flagged: Languages inferred from country and subject; not stated by the source.; no access_notes,MV-000206,War Childhood Museum,War Childhood Museum,Bosnia and Herzegovina,https://warchildhood.org/,Bosnian,,war and conflict; community memory; everyday life,2010,,,partially_verified,Languages inferred from country and subject; not stated by the source.,2026-09-27 https (search-based): The museum's site is now warchildhood.org (https).,,,,,,,,,,,,,
1,flagged: Languages inferred from country and subject; not stated by the source.; no access_notes,MV-000207,Österreichische Mediathek,Österreichische Mediathek,Austria,https://www.mediathek.at/,German,,history,1960,,,partially_verified,Languages inferred from country and subject; not stated by the source.,2026-09-27 https (search-based): Site indexed under https.,,,,,,,,,,,,,
1,flagged: Languages inferred from country and subject; not stated by the source.; no access_notes,MV-000208,Oral History of American Music,Oral History of American Music,United States,https://library.yale.edu/visit-and-study/libraries-locations/gilmore-music-library/oral-history-american-music,English,,music,1969,,,partially_verified,Languages inferred from country and subject; not stated by the source.,2026-09-27 https (search-based): OHAM's page has moved to library.yale.edu (https).,,,,,,,,,,,,,
1,failed last link check; flagged: Languages inferred from country and subject; not stated by the source.; no access_notes,MV-000209,Slave Narratives: A Folk History of Slavery in the United States,Slave Narrative Collection,United States,https://www.loc.gov/collections/slave-narratives-from-the-federal-writers-project-1936-to-1938/articles-and-essays/introduction-to-the-wpa-slave-narratives/wpa-and-the-slave-narrative-collection/,English,,oral tradition; history; community memory; folklife,1936,,,partially_verified,Languages inferred from country and subject; not stated by the source.,,,,,,,,,,,,,,
2,http:// URL; no access_notes,MV-000073,Jeju 4.3 Archives,Jeju 4.3 Peace Foundation,South Korea,http://jeju43peace.org/,Korean,,war and conflict; human rights; memory and reconciliation,2008,,,partially_verified,,2026-09-27 https (search-based): Only http:// pages of jeju43peace.org are indexed; the foundation also runs jeju43peace.or.kr and an online archive at 43archives.or.kr. Left unchanged pending a manual check of which is the right target.,,,,,,,,,,,,,
2,http:// URL; no access_notes,MV-000074,Museum of Sexual Slavery by the Japanese Military,House of Sharing,South Korea,http://www.nanum.org/,Korean; English; Japanese,,war and conflict; women's history; human rights,1992,,,partially_verified,,2026-09-27 https (search-based): Only http:// pages of nanum.org are indexed. Left unchanged.,,,,,,,,,,,,,
2,http:// URL; no access_notes,MV-000118,Armenian Film Foundation Genocide Testimony Collection,Armenian Film Foundation,United States,http://www.armenianfilm.org/,Armenian; English; Multiple languages,multiple languages,genocide; Holocaust; human rights,1968,2005,,partially_verified,,2026-09-27 https (search-based): Only http://www.armenianfilm.org/ is indexed (a separate https subdomain exists for film sales). Left unchanged.,,,,,,,,,,,,,
2,http:// URL; no access_notes,MV-000133,"Central State Archive of Film, Photo Documents and Sound Recordings of the Republic of Kazakhstan","Central State Archive of Film, Photo Documents and Sound Recordings of the Republic of Kazakhstan",Kazakhstan,http://kfdz.kz/,Kazakh; Russian,,history; national memory,1943,,,partially_verified,,2026-09-27 https (search-based): No https evidence found for kfdz.kz. Left unchanged.,,,,,,,,,,,,,
2,http:// URL; no access_notes,MV-000154,ICBSA National Sound Archive,"Istituto Centrale per i Beni Sonori ed Audiovisivi (ICBSA), Italian Ministry of Culture",Italy,http://www.icbsa.it/,Italian,,folklife; music; oral tradition; history,1928,,,partially_verified,,2026-09-27 https (search-based): Only http://www.icbsa.it/ is indexed. Left unchanged.,,,,,,,,,,,,,
3,no access_notes,MV-000006,National Centre for Truth and Reconciliation,University of Manitoba,Canada,https://nctr.ca/,English; French; Indigenous languages of the Americas,Indigenous languages,indigenous history; human rights; residential schools,2007,,,partially_verified,,,,,,,,,,,,,,,
3,no access_notes,MV-000008,Human Rights and Historical Memory Virtual Archive,Centro Nacional de Memoria Historica,Colombia,https://www.archivodelosddhh.gov.co/,Spanish,,war and conflict; human rights; memory and reconciliation,2011,,,partially_verified,,,,,,,,,,,,,,,
3,no access_notes,MV-000009,Archivo Oral de Memoria Abierta,Memoria Abierta,Argentina,https://memoriaabierta.org.ar/wp/archivo-oral/,Spanish,,state terrorism; human rights; memory,1999,,,partially_verified,,,,,,,,,,,,,,,
3,no access_notes,MV-000010,National Life Stories,British Library,United Kingdom,https://www.bl.uk/about/projects/national-life-stories,English,,social history; labor history; science,1987,,,partially_verified,,,,,,,,,,,,,,,
3,no access_notes,MV-000012,National Folklore Collection (Duchas),University College Dublin,Ireland,https://www.duchas.ie/en,Irish; English,,folklore; oral tradition,1935,,,partially_verified,,,,,,,,,,,,,,,
3,no access_notes,MV-000013,Memory of Nations,Post Bellum,Czech Republic,https://www.memoryofnations.eu/en,Czech; Slovak; English,,totalitarianism; war and conflict; political history,2001,,,partially_verified,,,,,,,,,,,,,,,
3,no access_notes,MV-000014,The 1947 Partition Archive,The 1947 Partition Archive,India,https://www.1947partitionarchive.org/,English; Hindi; Urdu; Punjabi; Bengali; Gujarati; Sindhi,,migration; Partition; displacement,2010,,,partially_verified,,,,,,,,,,,,,,,
3,no access_notes,MV-000015,A-bomb Survivor Testimony Archive,Hiroshima Peace Memorial Museum,Japan,https://hpmm-db.jp/testify_en/,Japanese; English,,war and conflict; nuclear history; peace,1986,,,partially_verified,,,,,,,,,,,,,,,
3,no access_notes,MV-000016,Documentation Center of Cambodia Oral History Project,Documentation Center of Cambodia (DC-Cam),Cambodia,https://www.dccam.org/,Khmer; English,,genocide; war and conflict; transitional justice,1995,,,partially_verified,,,,,,,,,,,,,,,
3,no access_notes,MV-000017,Palestinian Oral History Archive (POHA),"American University of Beirut, Issam Fares Institute",Lebanon,https://www.aub.edu.lb/ifi/Pages/poha.aspx,Arabic,,displacement; refugees; Nakba,2011,,,partially_verified,,,,,,,,,,,,,,,
3,no access_notes,MV-000019,Nga Taonga Sound & Vision,Nga Taonga Sound & Vision,New Zealand,https://www.ngataonga.org.nz/,English; Māori,,broadcast history; oral tradition; national memory,1988,,,partially_verified,,,,,,,,,,,,,,,
3,no access_notes,MV-000020,SAHA Oral History Collections,South African History Archive,South Africa,https://www.saha.org.za/collections/oral_history.htm,English; Afrikaans; Zulu; Xhosa,,apartheid; human rights; resistance history,1988,,,partially_verified,,,,,,,,,,,,,,,
3,no access_notes,MV-000021,District Six Museum Sound Archive,District Six Museum,South Africa,https://www.districtsix.co.za/collections/,English; Afrikaans,,forced removal; urban history; memory,1994,,,partially_verified,,,,,,,,,,,,,,,
3,no access_notes,MV-000023,CELHTO Oral Tradition Archive,Centre d'Etudes Linguistiques et Historiques par Tradition Orale (African Union),Niger,https://www.celhto.org/,Hausa; Zarma; Fulfulde; Tamasheq; French,,oral tradition; history; linguistics,1968,,,partially_verified,,,,,,,,,,,,,,,
3,no access_notes,MV-000024,Institut de Recherches en Sciences Humaines,Universite Abdou Moumouni de Niamey,Niger,https://irsh-uam.com/,Hausa; Zarma; French; Arabic,,oral tradition; manuscripts; history,1944,,,partially_verified,,,,,,,,,,,,,,,
3,no access_notes,MV-000025,Charles S. Bird Mali Collections,"Archives of Traditional Music, Indiana University",Mali,https://libraries.indiana.edu/bird-mali,Bambara,,oral tradition; epic performance; music,1960,2000,,partially_verified,,,,,,,,,,,,,,,
3,no access_notes,MV-000026,Cultural Space of Sosso-Bala,UNESCO Intangible Cultural Heritage / Ministry of Culture of Guinea,Guinea,https://ich.unesco.org/en/RL/cultural-space-of-sosso-bala-00009,Maninka; French,,oral tradition; griot heritage; music,2001,,,partially_verified,,,,,,,,,,,,,,,
3,no access_notes,MV-000027,Ifa Divination System,UNESCO Intangible Cultural Heritage / Yoruba babalawo tradition,Nigeria,https://ich.unesco.org/en/RL/ifa-divination-system-00146,Yoruba,,oral tradition; divination; religion,2005,,,partially_verified,,,,,,,,,,,,,,,
3,no access_notes,MV-000028,Oral Heritage of Gelede,UNESCO Intangible Cultural Heritage / Yoruba-Nago communities,Benin,https://ich.unesco.org/en/RL/oral-heritage-of-gelede-00002,Yoruba,,oral tradition; masquerade; women's history,2001,,,partially_verified,,,,,,,,,,,,,,,
3,no access_notes,MV-000029,IFAN Sound Archives,"Institut Fondamental d'Afrique Noire, Universite Cheikh Anta Diop",Senegal,https://ifan.ucad.sn/,Wolof; French; Multiple languages,multiple Senegalese languages,oral tradition; music; colonial history,1938,,,partially_verified,,,,,,,,,,,,,,,
3,no access_notes,MV-000035,Institute of Ethiopian Studies Audiovisual Archive,Addis Ababa University,Ethiopia,https://aau.edu.et/institute/IES,Amharic; Ge'ez; Oromo; Multiple languages,multiple Ethiopian languages,oral tradition; ethnomusicology; manuscripts,1963,,,partially_verified,,,,,,,,,,,,,,,
3,no access_notes,MV-000039,Moorish Epic T'heydinn,UNESCO Intangible Cultural Heritage / Mauritanian griot (iggawin) tradition,Mauritania,https://ich.unesco.org/en/USL/moorish-epic-t-heydinn-00524,Hassaniya Arabic,,oral tradition; griot heritage; history,2011,,,partially_verified,,,,,,,,,,,,,,,
3,no access_notes,MV-000040,Documentation of War-Affected Communities,"Refugee Law Project, Makerere University",Uganda,https://www.refugeelawproject.org/,English; Acholi; Luo,,war and conflict; transitional justice; human rights,1999,,,partially_verified,,,,,,,,,,,,,,,
3,no access_notes,MV-000042,UMAM Documentation & Research,UMAM Documentation & Research,Lebanon,https://www.umam-dr.org/,Arabic; French; English,,war and conflict; memory and reconciliation; human rights,2004,,,partially_verified,,,,,,,,,,,,,,,
3,no access_notes,MV-000044,Kurdish Digital Library and Audio Archive,Institut kurde de Paris,France,https://www.institutkurde.org/,Kurdish; French,"Kurdish (Kurmanji, Sorani)",language documentation; oral tradition; history,1983,,,partially_verified,,,,,,,,,,,,,,,
3,no access_notes,MV-000051,Working Class and Labour Oral History Archive,"Modern Records Centre, University of Warwick",United Kingdom,https://warwick.ac.uk/services/library/mrc/,English,,labor history; social history; political history,1973,,,partially_verified,,,,,,,,,,,,,,,
3,no access_notes,MV-000052,Screen and Sound Archive,National Library of Wales,United Kingdom,https://www.library.wales/catalogues-searching/about-our-collections/screen-sound-archive,Welsh; English,,oral tradition; migration; social history,1898,,,partially_verified,,,,,,,,,,,,,,,
3,no access_notes,MV-000053,European Solidarity Centre Archive,European Solidarity Centre,Poland,https://ecs.gda.pl/en/archive/,Polish; English,,labor history; political history; totalitarianism,2008,,,partially_verified,,,,,,,,,,,,,,,
3,no access_notes,MV-000054,Ośrodek KARTA Oral History Collections,KARTA Center Foundation,Poland,https://karta.org.pl/,Polish; Russian; Ukrainian,,totalitarianism; war and conflict; political history,1982,,,partially_verified,,,,,,,,,,,,,,,
3,no access_notes,MV-000055,Blinken OSA Archivum,Central European University,Hungary,https://archivum.org/,English; Hungarian; Russian,,totalitarianism; human rights; political history,1995,,,partially_verified,,,,,,,,,,,,,,,
3,no access_notes,MV-000056,Ordinary Heroes Digital Archive,Post-Conflict Research Center,Bosnia and Herzegovina,https://p-crc.org/our-work/post-conflict-research/rescue-and-survivor-testemonials/ordinary-heroes-digital-archive/,Bosnian,,war and conflict; memory and reconciliation; human rights,2011,,,partially_verified,,,,,,,,,,,,,,,
3,no access_notes,MV-000060,Folklore Archives of the Finnish Literature Society,Finnish Literature Society (SKS),Finland,https://www.finlit.fi/en/archives/,Finnish; Karelian,,oral tradition; folklife; music,1937,,,partially_verified,,,,,,,,,,,,,,,
3,no access_notes,MV-000061,Estonian Folklore Archives,Estonian Literary Museum,Estonia,https://www.kirmus.ee/en/about-us/departments/estonian-folklore-archives,Estonian; Võro; Seto,,oral tradition; folklife; language documentation,1927,,,partially_verified,,2026-09-27 link (search-based): Old database URL returns 404. The Estonian Literary Museum (parent institution) publishes an English department page for the archives.,,,,,,,,,,,,,
3,no access_notes,MV-000062,International Research Center for Traditional Polyphony,Tbilisi Vano Sarajishvili State Conservatoire,Georgia,https://polyphony.ge/en/home-2/,Georgian,,oral tradition; music; ethnomusicology,2002,,,partially_verified,,,,,,,,,,,,,,,
3,no access_notes,MV-000064,"Dialect, Name, and Folklore Archives",Institutet för sprak och folkminnen (Isof),Sweden,https://www.isof.se/,Swedish; Sámi languages; Finnish,Sami,oral tradition; folklife; language documentation,2006,,,partially_verified,,,,,,,,,,,,,,,
3,no access_notes,MV-000068,Oral History Project,Citizens Archive of Pakistan,Pakistan,https://citizensarchive.org/portfolio-item/oral-history-project/,Urdu; English; Punjabi; Sindhi,,Partition; displacement; migration,2007,,,partially_verified,,,,,,,,,,,,,,,
3,no access_notes,MV-000070,SPARROW: Sound & Picture Archives for Research on Women,SPARROW,India,https://www.sparrowonline.org/,Hindi; Tamil; English; Multiple languages,multiple Indian languages,women's history; oral tradition; everyday life,1988,,,partially_verified,,,,,,,,,,,,,,,
3,no access_notes,MV-000072,"Chinese ""Comfort Women"" History Museum and Research Center",Shanghai Normal University,China,https://www.shnu.edu.cn/,Mandarin Chinese,,war and conflict; women's history; human rights,1999,,,partially_verified,,,,,,,,,,,,,,,
3,no access_notes,MV-000076,White Terror Oral History Archive,National Human Rights Museum,Taiwan,https://www.nhrm.gov.tw/w/nhrmEN/About,Mandarin Chinese; Taiwanese Hokkien,,political history; human rights; memory and reconciliation,2011,,,partially_verified,,,,,,,,,,,,,,,
3,no access_notes,MV-000078,Liberation War Museum Oral History Archive,Liberation War Museum,Bangladesh,https://www.liberationwarmuseumbd.org/,Bengali; English,,war and conflict; national memory; displacement,1996,,,partially_verified,,,,,,,,,,,,,,,
3,no access_notes,MV-000079,Testimonies of the Atomic Bomb Survivors,Nagasaki National Peace Memorial Hall for the Atomic Bomb Victims,Japan,https://www.peace-nagasaki.go.jp/en/,Japanese; English,,war and conflict; nuclear history; peace,2003,,,partially_verified,,,,,,,,,,,,,,,
3,no access_notes,MV-000080,Battle of Okinawa Survivor Testimonies,Okinawa Prefectural Peace Memorial Museum,Japan,https://www.peace-museum.okinawa.jp/english/,Japanese; Okinawan; English,,war and conflict; peace; memory and reconciliation,1975,,,partially_verified,,,,,,,,,,,,,,,
3,no access_notes,MV-000082,Nibutani Ainu Culture Museum,"Nibutani Ainu Culture Museum, Biratori Town",Japan,https://www.town.biratori.hokkaido.jp/,Ainu; Japanese,,indigenous history; oral tradition; language documentation,1992,,,partially_verified,,,,,,,,,,,,,,,
3,no access_notes,MV-000085,PARADISEC,Pacific and Regional Archive for Digital Sources in Endangered Cultures,Australia,https://www.paradisec.org.au/,Multiple languages,multiple Pacific and Southeast Asian languages,language documentation; oral tradition; indigenous history,2003,,,partially_verified,,,,,,,,,,,,,,,
3,no access_notes,MV-000086,Australian Queer Archives,Australian Queer Archives (AQuA),Australia,https://queerarchives.org.au/,English,,LGBTQ+ history; social history; community memory,1978,,,partially_verified,,,,,,,,,,,,,,,
3,no access_notes,MV-000087,GALA Queer Archive,GALA Queer Archive,South Africa,https://gala.co.za/,English; Afrikaans; Zulu; Xhosa,,LGBTQ+ history; human rights; community memory,1997,,,partially_verified,,,,,,,,,,,,,,,
3,no access_notes,MV-000088,ONE Archives at the USC Libraries,University of Southern California Libraries,United States,https://one.usc.edu/,English,,LGBTQ+ history; social history; community memory,1952,,,partially_verified,,,,,,,,,,,,,,,
3,no access_notes,MV-000089,Lesbian Herstory Archives,Lesbian Herstory Archives,United States,https://lesbianherstoryarchives.org/,English,,LGBTQ+ history; women's history; community memory,1974,,,partially_verified,,,,,,,,,,,,,,,
3,no access_notes,MV-000090,GLBT Historical Society Archives,GLBT Historical Society,United States,https://www.glbthistory.org/archives-about-visitor-info,English,,LGBTQ+ history; social history; community memory,1985,,,partially_verified,,,,,,,,,,,,,,,
3,no access_notes,MV-000091,Windrush Generation Oral Histories,Black Cultural Archives,United Kingdom,https://blackculturalarchives.org/our-story,English,,migration; displacement; community memory,1981,,,partially_verified,,,,,,,,,,,,,,,
3,no access_notes,MV-000093,Voices of Feminism Oral History Project,"Sophia Smith Collection, Smith College",United States,https://libraries.smith.edu/special-collections/research-collections/resources-lists/oral-histories/voices-of-feminism,English; Spanish,,women's history; civil rights; labor history,1990,2006,,partially_verified,,,,,,,,,,,,,,,
3,no access_notes,MV-000097,Southern Oral History Program,University of North Carolina at Chapel Hill,United States,https://sohp.org/,English,,social history; civil rights; labor history,1973,,,partially_verified,,,,,,,,,,,,,,,
3,no access_notes,MV-000098,Endangered Languages Archive (ELAR),SOAS University of London,United Kingdom,https://www.elararchive.org/,Multiple languages,multiple endangered languages,language documentation; oral tradition; indigenous history,2002,,,partially_verified,,,,,,,,,,,,,,,
3,no access_notes,MV-000099,Archive of the Indigenous Languages of Latin America (AILLA),University of Texas at Austin,United States,https://ailla.utexas.org/,Indigenous languages of the Americas,multiple Indigenous Latin American languages,language documentation; indigenous history; oral tradition,2000,,,partially_verified,,,,,,,,,,,,,,,
3,no access_notes,MV-000100,The Language Archive / DoBeS,Max Planck Institute for Psycholinguistics,Netherlands,https://tla.mpi.nl/,Multiple languages,multiple endangered languages,language documentation; oral tradition; indigenous history,2000,,,partially_verified,,,,,,,,,,,,,,,
3,no access_notes,MV-000101,Michael E. Krauss Alaska Native Language Archive,University of Alaska Fairbanks,United States,https://www.uaf.edu/anla/,Indigenous languages of the Americas,multiple Alaska Native languages,language documentation; indigenous history; oral tradition,1972,,,partially_verified,,,,,,,,,,,,,,,
3,no access_notes,MV-000103,Them Days Archives,Them Days,Canada,https://www.themdays.com/,English; Inuktitut; Innu-aimun,,oral tradition; everyday life; indigenous history,1984,,,partially_verified,,,,,,,,,,,,,,,
3,no access_notes,MV-000105,Doris Duke American Indian Oral History Project,"University of Utah, J. Willard Marriott Library",United States,https://lib.utah.edu/collections/multimedia/oralhistory.php,English; Indigenous languages of the Americas,multiple Indigenous languages,indigenous history; oral tradition; community memory,1966,1971,,partially_verified,,,,,,,,,,,,,,,
3,no access_notes,MV-000106,Immigrant Voices Oral History Collection,Angel Island Immigration Station Foundation,United States,https://www.aiisf.org/,English; Chinese; Multiple languages,multiple immigrant languages,migration; displacement; Partition,1983,,,partially_verified,,,,,,,,,,,,,,,
3,no access_notes,MV-000109,Documentation Center and Museum of Migration in Germany (DOMiD),DOMiD e.V.,Germany,https://domid.org/en/,German; Turkish,,migration; labor history; everyday life,1990,,,partially_verified,,,,,,,,,,,,,,,
3,no access_notes,MV-000110,Cuban Heritage Collection Oral Histories,University of Miami Libraries,United States,https://www.library.miami.edu/oral-histories.html,Spanish; English,,migration; displacement; political history,2008,,,partially_verified,,,,,,,,,,,,,,,
3,no access_notes,MV-000111,Viet Stories: Vietnamese American Oral History Project,"University of California, Irvine",United States,https://sites.uci.edu/vaohp/,Vietnamese; English,,migration; displacement; war and conflict,2011,,,partially_verified,,,,,,,,,,,,,,,
3,no access_notes,MV-000112,Hmong Archives,Hmong Archives,United States,https://hmongarchives.org/,Hmong; English,,migration; displacement; everyday life,1999,,,partially_verified,,,,,,,,,,,,,,,
3,no access_notes,MV-000113,Immigration History Research Center Archives,University of Minnesota,United States,https://www.lib.umn.edu/collections/special/ihrca,English; Multiple languages,multiple immigrant languages,migration; everyday life; community memory,1965,,,partially_verified,,,,,,,,,,,,,,,
3,no access_notes,MV-000114,Fortunoff Video Archive for Holocaust Testimonies,Yale University Library,United States,https://web.library.yale.edu/fortuneoff_1,English; Multiple languages,multiple languages,Holocaust; genocide; human rights,1979,,,partially_verified,,,,,,,,,,,,,,,
3,no access_notes,MV-000115,Oral History Collection,The National WWII Museum,United States,https://www.nationalww2museum.org/oral-history-resources,English,,war and conflict; military history,2000,,,partially_verified,,,,,,,,,,,,,,,
3,no access_notes,MV-000121,Hirasaki National Resource Center Oral Histories,Japanese American National Museum,United States,https://www.janm.org/hnrc,English; Japanese,,migration; incarceration; civil rights,1992,,,partially_verified,,,,,,,,,,,,,,,
3,no access_notes,MV-000122,National Pinoy Archives,Filipino American National Historical Society,United States,https://www.fanhs-national.org/national-pinoy-archives,English; Tagalog; Ilocano,,migration; labor history; everyday life,1987,,,partially_verified,,,,,,,,,,,,,,,
3,no access_notes,MV-000124,Disability Rights and Independent Living Movement Oral History Project,"Bancroft Library, University of California, Berkeley",United States,https://www.lib.berkeley.edu/visit/bancroft/oral-history-center/projects/disability-rights,English,,disability rights; civil rights; social history,1996,,,partially_verified,,,,,,,,,,,,,,,
3,no access_notes,MV-000127,Museo de la Palabra y la Imagen,Museo de la Palabra y la Imagen (MUPI),El Salvador,https://www.elsalvadormemory.org/museo-de-la-palabra-es,Spanish,,war and conflict; human rights; memory and reconciliation,1996,,,partially_verified,,,,,,,,,,,,,,,
3,no access_notes,MV-000128,Centro de Documentación e Investigación (CVR Testimonies),"Lugar de la Memoria, la Tolerancia y la Inclusión Social (LUM)",Peru,https://lum.cultura.pe/content/centro-de-documentaci%C3%B3n-e-investigaci%C3%B3n,Spanish; Quechua,,war and conflict; human rights; memory and reconciliation,2001,2003,,partially_verified,,,,,,,,,,,,,,,
3,no access_notes,MV-000129,Archivo Oral,Museo de la Memoria y los Derechos Humanos,Chile,https://testimonios.museodelamemoria.cl/category/archivo-oral/,Spanish,,war and conflict; human rights; memory and reconciliation,2010,,,partially_verified,,,,,,,,,,,,,,,
3,no access_notes,MV-000131,Programa de Historia Oral (Oral History Program),"CPDOC, Fundação Getulio Vargas",Brazil,https://cpdoc.fgv.br/,Portuguese,,political history; history; national memory,1975,,,partially_verified,,,,,,,,,,,,,,,
3,no access_notes,MV-000132,Jamaica Memory Bank,African Caribbean Institute of Jamaica,Jamaica,https://acij-ioj.org.jm/,Jamaican Patois; English,,oral tradition; folklife; everyday life,1980,,,partially_verified,,,,,,,,,,,,,,,
3,no access_notes,MV-000134,"Folklore Archive of the Institute of Uzbek Language, Literature and Folklore","Institute of Uzbek Language, Literature and Folklore, Academy of Sciences of Uzbekistan",Uzbekistan,https://tai.academy.uz/en,Uzbek,,folklore; oral tradition; epic performance; ethnomusicology,1934,,,partially_verified,,,,,,,,,,,,,,,
3,no access_notes,MV-000135,"Kyrgyz Epic Trilogy: Manas, Semetey, Seytek",UNESCO Intangible Cultural Heritage / Kyrgyz manaschi (epic-teller) tradition,Kyrgyzstan,https://ich.unesco.org/en/RL/kyrgyz-epic-trilogy-manas-semetey-seytek-00876,Kyrgyz,,oral tradition; epic performance; history,1922,,,partially_verified,,,,,,,,,,,,,,,
3,no access_notes,MV-000136,Tajik Folklore Archive of the Rudaki Institute of Language and Literature,"Rudaki Institute of Language and Literature, Academy of Sciences of Tajikistan",Tajikistan,https://izar.tj/en/department-folklore,Tajik,,folklore; oral tradition; linguistics,1923,2003,,partially_verified,,,,,,,,,,,,,,,
3,no access_notes,MV-000137,TRT Turkish Folk Music Archive,Turkish Radio and Television Corporation (TRT),Turkey,https://nota.trt.net.tr/Nota-Kutuphanesi,Turkish,,folklore; music; ethnomusicology,1926,,,partially_verified,,,,,,,,,,,,,,,
3,no access_notes,MV-000139,Intangible Heritage Collection of Testimonies on the Jewish Community of Mosul,ALIPH Foundation (International Alliance for the Protection of Heritage in Conflict Areas),Iraq,https://www.aliph-foundation.org/en/projects/intangible-heritage-collection-of-testimonies-on-the-jewish-community-of-mosul,Arabic,,displacement; community memory; religion,2021,2022,,partially_verified,,,,,,,,,,,,,,,
3,no access_notes,MV-000141,Oral History Programme,"National Library and Archives, United Arab Emirates",United Arab Emirates,https://www.nla.ae/en/our-history/oral-history/overview/overview/,Arabic,,oral tradition; folklife; everyday life,2008,,,partially_verified,,,,,,,,,,,,,,,
3,no access_notes,MV-000143,Folklore and Traditional Music Archives,"Institute of African and Asian Studies, University of Khartoum",Sudan,https://ich.unesco.org/en/news/digitization-of-sudan-folklore-and-traditional-music-archives-00046,Arabic,,folklore; ethnomusicology; music,1963,,,partially_verified,,,,,,,,,,,,,,,
3,no access_notes,MV-000146,AACRLS Oral History Collection,National Archives of Namibia,Namibia,https://nan.gov.na/finding-aids,English; Afrikaans,,oral tradition; resistance history; colonial history,2001,2010,,partially_verified,,,,,,,,,,,,,,,
3,no access_notes,MV-000147,Independence-War and Rural Life Oral History Collection,"Arquivo Histórico de Moçambique, Eduardo Mondlane University",Mozambique,https://ahm.uem.mz/,Portuguese,,war and conflict; oral tradition; everyday life,1979,1984,,partially_verified,,2026-09-27 link (search-based): ahm.ghost.uem.mz returns 410 Gone; the archive's site is indexed at ahm.uem.mz.,,,,,,,,,,,,,
3,no access_notes,MV-000148,Oral Tradition Sound Collection,Arquivo Nacional de Angola,Angola,https://www.ana.gov.ao/,Portuguese; Umbundu,,oral tradition; folklife; history,1960,1979,,partially_verified,,,,,,,,,,,,,,,
3,no access_notes,MV-000151,Oral Resources Laboratory (Laboratoire des Ressources Orales),Centre International de Recherche et de Documentation sur les Traditions et les Langues Africaines (CERDOTOLA),Cameroon,https://en.cerdotola.org/,French,,oral tradition; linguistics; language documentation,1977,,,partially_verified,,,,,,,,,,,,,,,
3,no access_notes,MV-000152,Ethnomusicology and Oral Heritage Sound Recordings,"Centre National de Recherches Préhistoriques, Anthropologiques et Historiques (CNRPAH)",Algeria,https://cnrpah.org/,Arabic; Tamazight,,ethnomusicology; oral tradition; folklore,1974,,,partially_verified,,,,,,,,,,,,,,,
3,no access_notes,MV-000153,Libyan Oral History Project,Libyan Center for Archives and Historical Studies (formerly the Libyan Studies Center),Libya,https://lcahs.ly/,Arabic,,resistance history; colonial history; oral tradition,1978,,,partially_verified,,,,,,,,,,,,,,,
3,no access_notes,MV-000156,Sound Archive of the Institute of Ethnomusicology,"Institute of Ethnomusicology (Glasbenonarodopisni inštitut), ZRC SAZU",Slovenia,https://gni.zrc-sazu.si/en,Slovenian,,ethnomusicology; folklife; music; oral tradition,1934,,,partially_verified,,,,,,,,,,,,,,,
3,no access_notes,MV-000158,Archives of Latvian Folklore,"Institute of Literature, Folklore and Art, University of Latvia (Latviešu folkloras krātuve)",Latvia,https://lulfmi.lv/en/archives-of-latvian-folklore,Latvian,,oral tradition; folklore; music,1924,,,partially_verified,,,,,,,,,,,,,,,
3,no access_notes,MV-000159,Lithuanian Folk Music Phonogram Collection,"Institute of Lithuanian Literature and Folklore, Lithuanian Folklore Archives",Lithuania,https://archyvas.llti.lt/en/lithuanian_folk_music_phonogram_collection/?id=55793,Lithuanian,,oral tradition; music; folklore,1908,1949,,partially_verified,,,,,,,,,,,,,,,
3,no access_notes,MV-000160,Phonogrammarchiv of the University of Zurich,"Phonogrammarchiv, University of Zurich",Switzerland,https://www.phonogrammarchiv.uzh.ch/de.html,German; French; Italian; Romansh,,linguistics; language documentation; oral tradition,1909,,,partially_verified,,,,,,,,,,,,,,,
3,no access_notes,MV-000161,Danish Folklore Archives,"Dansk Folkemindesamling, Royal Danish Library",Denmark,https://www.kb.dk/en/find-materials/collections/folklore-archive,Danish,,folklore; everyday life; oral tradition,1904,,,partially_verified,,,,,,,,,,,,,,,
3,no access_notes,MV-000163,Ethnographic Archive of the Institute of Ethnology and Folklore Studies,"Institute of Ethnology and Folklore Studies with Ethnographic Museum (IEFSEM), Bulgarian Academy of Sciences",Bulgaria,https://iefem.bas.bg/en/,Bulgarian,,folklife; ethnomusicology; oral tradition,1947,,,partially_verified,,,,,,,,,,,,,,,
3,no access_notes,MV-000164,Sound Archive of the Institute of Ethnology and Folklore Research,"Institute of Ethnology and Folklore Research (Institut za etnologiju i folkloristiku), Zagreb",Croatia,https://www.ief.hr/en/archive/collections/,Croatian,,folklife; ethnomusicology; oral tradition,1948,,,partially_verified,,,,,,,,,,,,,,,
3,no access_notes,MV-000165,Archive of the Institute of Musicology SASA,"Institute of Musicology, Serbian Academy of Sciences and Arts (SASA)",Serbia,https://music.sanu.ac.rs/en/archive/,Serbian,,ethnomusicology; folklore; music,1948,,,partially_verified,,,,,,,,,,,,,,,
3,no access_notes,MV-000166,Digital Sound Archive (Arquivo Sonoro Digital),"INET-MD (Instituto de Etnomusicologia) and Museu do Fado, Lisbon",Portugal,https://www.inetmd.pt/publicacoes/arquivo-sonoro-digital/,Portuguese,,music; oral tradition; everyday life,1900,,,partially_verified,,,,,,,,,,,,,,,
3,no access_notes,MV-000167,CegeSoma Oral History Interview Collections,"CegeSoma, State Archives of Belgium",Belgium,https://www.cegesoma.be/en/home,French; Dutch,,war and conflict; oral tradition; everyday life; military history,1969,,,partially_verified,,,,,,,,,,,,,,,
3,no access_notes,MV-000168,Urban Media Archive Oral History Interviews,"Center for Urban History of East Central Europe, Lviv",Ukraine,https://uma.lvivcenter.org/en/interviews,Ukrainian; Russian; Polish,,oral tradition; urban history; everyday life; migration,2004,,,partially_verified,,,,,,,,,,,,,,,
3,no access_notes,MV-000169,Folk Music Sound Recordings of the Institute of Musicology SAS,"Institute of Musicology, Slovak Academy of Sciences (Ústav hudobnej vedy SAV)",Slovakia,https://uhv.sav.sk/en/,Slovak,,ethnomusicology; folklore; music,1950,,,partially_verified,,,,,,,,,,,,,,,
3,no access_notes,MV-000173,Archivo Histórico Musical,"Escuela de Artes Musicales, Universidad de Costa Rica",Costa Rica,https://archivomusical.ucr.ac.cr/,Spanish,,music; folklife; everyday life; history,1993,,,partially_verified,,,,,,,,,,,,,,,
3,no access_notes,MV-000176,Archivo de Música y Sonido,"Archivo General de Puerto Rico, Instituto de Cultura Puertorriqueña",Puerto Rico,https://www.icp.pr.gov/archivo-general/,Spanish,,music; oral tradition; folklife; everyday life,1955,,,partially_verified,,,,,,,,,,,,,,,
3,no access_notes,MV-000202,Pangloss Collection,Pangloss Collection,France,https://pangloss.cnrs.fr/,Multiple languages,"about 170 languages, mostly of small, often endangered speech communities",language documentation,1996,,,partially_verified,,"2026-09-27 languages (search-based): The collection's own site: recordings in about 170 languages, mostly spoken by small communities.",,,,,,,,,,,,,
3,no access_notes,MV-000210,Swaziland Oral History Project,University of Cape Town Libraries (Emandulo digital collections),Eswatini,https://emandulo.apc.uct.ac.za/metadata/SWOHP/index.html,Swazi; English,Interviews mainly in siSwati; a selection transcribed and translated into English.,oral tradition; history; indigenous history,1985,,,partially_verified,,"2026-09-27 languages (search-based): Holder's platform and project description: interviews mainly in siSwati, with English transcriptions/translations for a selection.",,,,,,,,,,,,,
4,,MV-000001,StoryCorps Archive,StoryCorps / Library of Congress American Folklife Center,United States,https://archive.storycorps.org/,English; Spanish,,everyday life; family history; community memory,2003,,Freely accessible online via the StoryCorps Archive; the full recorded collection is preserved at the Library of Congress.,partially_verified,,,,,,,,,,,,,,,
4,,MV-000003,Densho Digital Repository,Densho,United States,https://ddr.densho.org/,English; Japanese,,migration; incarceration; civil rights,1996,,Freely accessible online.,partially_verified,,,,,,,,,,,,,,,
4,,MV-000004,Visual History Archive,USC Shoah Foundation,United States,https://sfi.usc.edu/vha,English; Hebrew; Russian; Polish; Multiple languages,multiple other languages,genocide; Holocaust; human rights,1994,,Full testimonies require registration through partner institutions or educational access via IWitness; some clips are public.,partially_verified,,,,,,,,,,,,,,,
4,,MV-000022,Genocide Archive of Rwanda,Aegis Trust / National Commission for the Fight Against Genocide,Rwanda,https://genocidearchiverwanda.org.rw/,Kinyarwanda; French; English,,genocide; transitional justice; human rights,2010,,Freely accessible online with a searchable video player.,partially_verified,,,,,,,,,,,,,,,
4,,MV-000032,African Studies Ibadan Audiovisual and Arabic Manuscripts Archive,"Institute of African Studies, University of Ibadan",Nigeria,https://ui.edu.ng/content/institute-african-studies,Yoruba; Hausa; English; Arabic,,oral tradition; history; language documentation,1962,,In-person access at the Institute; digitized portions being released via the Endangered Archives Programme.,partially_verified,,,,,,,,,,,,,,,
4,,MV-000033,Oral History Programme,National Archives of Zimbabwe,Zimbabwe,https://www.archives.gov.zw/,Shona; Ndebele; English,,oral tradition; war and conflict; national memory,1935,,In-person/reading-room access; some liberation-history recordings referenced in public reporting.,partially_verified,,,,,,,,,,,,,,,
4,,MV-000036,858: An Archive of Resistance,Mosireen Collective,Egypt,https://858.ma/,Arabic; English,,war and conflict; human rights; political history,2011,,"Freely accessible online, indexed and searchable video.",partially_verified,,,,,,,,,,,,,,,
4,,MV-000038,Fondation Amadou Hampâté Bâ,Fondation Amadou Hampâté Bâ,Côte d'Ivoire,https://www.unesco.org/en/memory-world/amadou-hampate-ba,French; Fulfulde; Bambara,,oral tradition; history; griot heritage,2002,,In-person access in Abidjan; digitization and online access underway via UNESCO partnership.,partially_verified,,,,,,,,,,,,,,,
4,,MV-000041,Nakba Survivor Testimonies,Zochrot,Israel,https://www.zochrot.org/testimonies/all/en,Arabic; Hebrew,,Nakba; displacement; memory and reconciliation,2002,,"Freely accessible online, video testimonies with searchable database.",partially_verified,,,,,,,,,,,,,,,
4,,MV-000045,Survivor Testimonies Collection,Yad Vashem,Israel,https://www.yadvashem.org/archive/about/testimonies.html,Hebrew; English; Multiple languages,multiple languages,Holocaust; genocide; human rights,1953,,Thousands of full testimonies freely viewable online; broader archive by researcher request.,partially_verified,,2026-09-27 link (search-based): Old URL returns 404; the archive's testimonies page and video-testimonies page are indexed on yadvashem.org.,,,,,,,,,,,,,
4,,MV-000048,Sound Archive,Imperial War Museums,United Kingdom,https://www.iwm.org.uk/collections/sound,English; Multiple languages,multiple languages,war and conflict; military history; oral tradition,1972,,Many recordings streamable online; full collection via research room visit.,partially_verified,,,,,,,,,,,,,,,
4,,MV-000049,Prisons Memory Archive,Prisons Memory Archive / Public Record Office of Northern Ireland,United Kingdom,https://prisonsmemoryarchive.com/,English,,war and conflict; memory and reconciliation; human rights,2006,2007,Selected extracts online; full collection held at the Public Record Office of Northern Ireland.,partially_verified,,,,,,,,,,,,,,,
4,,MV-000050,AJR Refugee Voices Testimony Archive,Association of Jewish Refugees,United Kingdom,https://www.ajrrefugeevoices.org.uk/,English; German,,Holocaust; migration; displacement,2003,,Summaries and short clips online; full unedited interviews via institutional partners.,partially_verified,,,,,,,,,,,,,,,
4,,MV-000059,RomArchive,RomArchive e.V.,Germany,https://www.romarchive.eu/en/,Romani; German; English,,oral tradition; genocide; human rights,2019,,Freely accessible online.,partially_verified,,,,,,,,,,,,,,,
4,,MV-000067,Oral History Centre,National Archives of Singapore,Singapore,https://www.nas.gov.sg/archivesonline/oral_history_interviews/about-us,English; Mandarin Chinese; Malay; Tamil,,national memory; everyday life; social history,1979,,Interviews searchable online; full recordings subject to interviewee consent.,partially_verified,,,,,,,,,,,,,,,
4,,MV-000071,Hong Kong Memory Project,Hong Kong University of Science and Technology,Hong Kong,https://www.hkmemory.hk/en/index.html,Cantonese; English,,oral tradition; everyday life; national memory,2006,,Freely accessible online.,partially_verified,,,,,,,,,,,,,,,
4,,MV-000075,Korean War Legacy Foundation Interview Archive,Korean War Legacy Foundation,United States,https://koreanwarlegacy.org/interactive-library/,English; Korean; Multiple languages,multiple UN-participant languages,war and conflict; military history,2005,,"Freely accessible online, searchable video library.",partially_verified,,,,,,,,,,,,,,,
4,,MV-000081,Michinoku Shinrokuden,"International Research Institute of Disaster Science, Tohoku University",Japan,https://search.shinrokuden.irides.tohoku.ac.jp/shinrokuden/,Japanese; English,,disaster and survivor testimony; everyday life; memory and reconciliation,2011,,Freely accessible online; open to public contributions.,partially_verified,,2026-09-27 https (search-based): Search index lists the archive under https on the same host and path.,,,,,,,,,,,,,
4,,MV-000092,Walter P. Reuther Library Oral History Collection,Wayne State University,United States,https://reuther.wayne.edu/memory,English,,labor history; social history; civil rights,1960,,In-person/reading-room access; recordings requested via the Audiovisual Department.,partially_verified,,,,,,,,,,,,,,,
4,,MV-000094,Weaving Women's Words,Jewish Women's Archive,United States,https://jwa.org/oralhistories,English,,women's history; everyday life; community memory,2001,,Full audio and transcripts freely available via the Internet Archive.,partially_verified,,,,,,,,,,,,,,,
4,,MV-000095,Alan Lomax Archive / Global Jukebox,Association for Cultural Equity,United States,https://www.culturalequity.org/,Multiple languages,multiple world languages,oral tradition; folklife; music,1933,,Freely accessible online via the Global Jukebox.,partially_verified,,,,,,,,,,,,,,,
4,,MV-000102,Project Jukebox,University of Alaska Fairbanks Oral History Program,United States,https://jukebox.uaf.edu/,English; Indigenous languages of the Americas,multiple Alaska Native languages,oral tradition; indigenous history; everyday life,1985,,Freely accessible online.,partially_verified,,,,,,,,,,,,,,,
4,,MV-000108,Bracero History Archive,"Institute of Oral History, University of Texas at El Paso",United States,https://braceroarchive.org/,Spanish; English,,migration; labor history; everyday life,2005,,Freely accessible online.,partially_verified,,,,,,,,,,,,,,,
4,,MV-000116,Oral Histories,National September 11 Memorial & Museum,United States,https://www.911memorial.org/learn/resources/oral-histories,English,,war and conflict; disaster and survivor testimony; community memory,2005,,Selected audio freely streamable online.,partially_verified,,,,,,,,,,,,,,,
4,,MV-000117,Hurricane Digital Memory Bank,"Roy Rosenzweig Center for History and New Media, George Mason University",United States,https://hurricanearchive.org/,English; Spanish,,disaster and survivor testimony; everyday life; community memory,2005,,Freely accessible online.,partially_verified,,,,,,,,,,,,,,,
4,,MV-000120,Endangered Archives Programme,British Library,United Kingdom,https://eap.bl.uk/,Multiple languages,multiple world languages,language documentation; oral tradition; history,2004,,Digitized collections freely accessible online.,partially_verified,,,,,,,,,,,,,,,
4,,MV-000125,Chinese Railroad Workers in North America Project,Stanford University,United States,https://web.stanford.edu/group/chineserailroad/cgi-bin/website/,English; Cantonese; Mandarin Chinese,,labor history; migration; everyday life,2012,2020,Project concluded in 2020; site maintained as a public research archive.,partially_verified,,,,,,,,,,,,,,,
4,,MV-000144,Phonothèque Nationale de Tunisie (National Sound Archive),"Centre des Musiques Arabes et Méditerranéennes (CMAM), Ennejma Ezzahra",Tunisia,https://phonotheque.cmam.tn/,Arabic; French,,music; ethnomusicology; folklife,1907,,Many collections are streamable online via the Telemeta-based Phonothèque platform; other material requires an in-person consultation request to the Center.,partially_verified,,,,,,,,,,,,,,,
4,,MV-000149,Ethnomusicological Sound Archive (Congo Collections),"Royal Museum for Central Africa (Tervuren, Belgium)",Democratic Republic of the Congo,https://www.africamuseum.be/en/research/discover/collections_management/archives_and_documentation/archives,French; Lingala; Swahili; Kikongo; Tshiluba,,ethnomusicology; music; colonial history,1910,,"Physically held in Tervuren, Belgium, as the historical repository for this Central African material; access is by request to the museum's ethnomusicology department.",partially_verified,,,,,,,,,,,,,,,
4,,MV-000162,Folklore Collection of the Árni Magnússon Institute,Árni Magnússon Institute for Icelandic Studies (Stofnun Árna Magnússonar í íslenskum fræðum),Iceland,https://arnastofnun.is/en/culture,Icelandic,,folklore; oral tradition; music,1900,,Selected recordings from the collection are accessible online via the ismus.is portal.,partially_verified,,,,,,,,,,,,,,,
4,,MV-000172,REMHI — Proyecto Interdiocesano de Recuperación de la Memoria Histórica,"Centro de la Memoria Monseñor Juan Gerardi (Oficina de Derechos Humanos del Arzobispado de Guatemala, ODHAG)",Guatemala,https://www.odhag.org.gt/cmmjg/,Spanish; Mayan languages,,genocide; human rights; war and conflict; state terrorism; memory and reconciliation; transitional justice,1995,1998,The popularized version of the REMHI report is freely available online; original testimony archives are held for research access at the Centro de la Memoria.,partially_verified,,,,,,,,,,,,,,,
4,,MV-000175,Radio Haiti Archive,"David M. Rubenstein Rare Book & Manuscript Library, Duke University",Haiti,https://repository.duke.edu/dc/radiohaiti,Haitian Creole; French; English,,political history; human rights; resistance history; war and conflict; everyday life,1957,2003,Freely accessible online via the Duke Digital Repository.,partially_verified,,,,,,,,,,,,,,,
4,,MV-000179,Archivo Oral de la Memoria,"Museo de la Memoria (MUME), Intendencia de Montevideo",Uruguay,https://mume.montevideo.gub.uy/archivo-oral-de-la-memoria,Spanish,,state terrorism; human rights; memory; political history; resistance history,1973,1985,In-person access by appointment; summaries of available testimonies are published on the museum's site.,partially_verified,,,,,,,,,,,,,,,
4,,MV-000180,Narrativas Orales — Brigada de Rescate Histórico Germán Pomares Ordóñez,Instituto de Historia de Nicaragua y Centroamérica (IHNCA),Nicaragua,https://ihncaexilio.org/el-acervo-ihnca/colecciones/,Spanish,,political history; resistance history; war and conflict; community memory,1980,1980,Freely browsable online following the 2023 relaunch as 'El IHNCA en el Exilio' after the original archive at UCA Managua was confiscated by the Nicaraguan government.,partially_verified,,,,,,,,,,,,,,,
4,,MV-000183,Jaap Kunst Collection,"Perpustakaan Daerah Nusa Tenggara Timur (NTT Regional Library), with University of Amsterdam",Indonesia,https://www.uva.nl/en/shared-content/faculteiten/en/faculteit-der-geesteswetenschappen/news/2024/10/uva-returns-sound-recordings-and-film-footage-from-colonial-collection-to-indonesia.html,Indonesian; Multiple languages,"multiple regional languages of Flores, Sumba, Alor, Timor and Kisar",ethnomusicology; music; colonial history,1919,1934,"Digitized copies freely accessible in person at the NTT Regional Library, Kupang; original recordings remain held at the University of Amsterdam.",partially_verified,,,,,,,,,,,,,,,
4,,MV-000184,Hinilawod Epic Chant Recordings,"Henry Luce III Library, Central Philippine University",Philippines,https://library.cpu.edu.ph/hinilawod-epic-chant-recordings-secured-in-unescos-memory-of-the-world-registry/,Karay-a,,epic performance; oral tradition; folklore,1956,1957,"Digitized and curated by the University of the Philippines Center for Ethnomusicology; original tapes held at Central Philippine University, Iloilo City.",partially_verified,,,,,,,,,,,,,,,
4,,MV-000186,IPNGS Music Archive,Institute of Papua New Guinea Studies (IPNGS),Papua New Guinea,https://www.ipngs.gov.pg/,Multiple languages,multiple Papua New Guinean languages,ethnomusicology; music; folklife,1898,,Access to the archive is by application to IPNGS in Port Moresby.,partially_verified,,,,,,,,,,,,,,,
4,,MV-000187,Solomon Islands National Museum Analog Tape Collection,Solomon Islands Archives and National Museum,Solomon Islands,https://eap.bl.uk/project/EAP693,Multiple languages,multiple Solomon Islands languages,language documentation; folklife; oral tradition,1970,,"Digitized copies deposited with the Solomon Islands National Museum, PARADISEC, and the British Library; originals remain in Honiara.",partially_verified,,,,,,,,,,,,,,,
4,,MV-000188,MicSem Music Collection,Micronesian Seminar (MicSem),Federated States of Micronesia,https://micsem.org/music/music-listing/,Multiple languages,multiple Micronesian languages,ethnomusicology; music; folklife,1950,1990,Music listings and audio streams are freely browsable on the MicSem website.,partially_verified,,,,,,,,,,,,,,,
